county,candidate,votes,party,office
Butler,Hillary  Clinton,2143,Democratic,President
Hamilton,Hillary  Clinton,40123,Democratic,President
Butler,John  Edwards,52,Democratic,President
Hamilton,John  Edwards,816,Democratic,President
Butler,Barack  Obama,1139,Democratic,President
Hamilton,Barack  Obama,74021,Democratic,President
Adams,Hillary  Clinton,2829,Democratic,President
Brown,Hillary  Clinton,5487,Democratic,President
Clermont,Hillary  Clinton,16488,Democratic,President
Hamilton,Hillary  Clinton,19311,Democratic,President
Pike,Hillary  Clinton,4282,Democratic,President
Scioto,Hillary  Clinton,6961,Democratic,President
Warren,Hillary  Clinton,7028,Democratic,President
Adams,John  Edwards,145,Democratic,President
Brown,John  Edwards,277,Democratic,President
Clermont,John  Edwards,438,Democratic,President
Hamilton,John  Edwards,310,Democratic,President
Pike,John  Edwards,210,Democratic,President
Scioto,John  Edwards,238,Democratic,President
Warren,John  Edwards,149,Democratic,President
Adams,Barack  Obama,829,Democratic,President
Brown,Barack  Obama,1947,Democratic,President
Clermont,Barack  Obama,10399,Democratic,President
Hamilton,Barack  Obama,29273,Democratic,President
Pike,Barack  Obama,1153,Democratic,President
Scioto,Barack  Obama,1576,Democratic,President
Warren,Barack  Obama,6057,Democratic,President
Clinton,Hillary  Clinton,3321,Democratic,President
Highland,Hillary  Clinton,4147,Democratic,President
Montgomery,Hillary  Clinton,41937,Democratic,President
Warren,Hillary  Clinton,8942,Democratic,President
Clinton,John  Edwards,101,Democratic,President
Highland,John  Edwards,157,Democratic,President
Montgomery,John  Edwards,1085,Democratic,President
Warren,John  Edwards,234,Democratic,President
Clinton,Barack  Obama,1874,Democratic,President
Highland,Barack  Obama,1482,Democratic,President
Montgomery,Barack  Obama,57414,Democratic,President
Warren,Barack  Obama,6296,Democratic,President
Allen,Hillary  Clinton,7200,Democratic,President
Auglaize,Hillary  Clinton,3008,Democratic,President
Champaign,Hillary  Clinton,3613,Democratic,President
Hancock,Hillary  Clinton,4878,Democratic,President
Hardin,Hillary  Clinton,2526,Democratic,President
Logan,Hillary  Clinton,3249,Democratic,President
Marion,Hillary  Clinton,7248,Democratic,President
Morrow,Hillary  Clinton,3554,Democratic,President
Richland,Hillary  Clinton,12393,Democratic,President
Shelby,Hillary  Clinton,4111,Democratic,President
Wyandot,Hillary  Clinton,929,Democratic,President
Allen,John  Edwards,350,Democratic,President
Auglaize,John  Edwards,185,Democratic,President
Champaign,John  Edwards,164,Democratic,President
Hancock,John  Edwards,124,Democratic,President
Hardin,John  Edwards,133,Democratic,President
Logan,John  Edwards,152,Democratic,President
Marion,John  Edwards,283,Democratic,President
Morrow,John  Edwards,167,Democratic,President
Richland,John  Edwards,486,Democratic,President
Shelby,John  Edwards,252,Democratic,President
Wyandot,John  Edwards,45,Democratic,President
Allen,Barack  Obama,6801,Democratic,President
Auglaize,Barack  Obama,2085,Democratic,President
Champaign,Barack  Obama,2294,Democratic,President
Hancock,Barack  Obama,3806,Democratic,President
Hardin,Barack  Obama,1231,Democratic,President
Logan,Barack  Obama,2223,Democratic,President
Marion,Barack  Obama,3596,Democratic,President
Morrow,Barack  Obama,1809,Democratic,President
Richland,Barack  Obama,8924,Democratic,President
Shelby,Barack  Obama,2746,Democratic,President
Wyandot,Barack  Obama,668,Democratic,President
Ashland,Hillary  Clinton,1088,Democratic,President
Crawford,Hillary  Clinton,4144,Democratic,President
Defiance,Hillary  Clinton,3318,Democratic,President
Fulton,Hillary  Clinton,4149,Democratic,President
Henry,Hillary  Clinton,2540,Democratic,President
Huron,Hillary  Clinton,5119,Democratic,President
Lucas,Hillary  Clinton,2352,Democratic,President
Mercer,Hillary  Clinton,766,Democratic,President
Paulding,Hillary  Clinton,1872,Democratic,President
Putnam,Hillary  Clinton,2463,Democratic,President
Sandusky,Hillary  Clinton,7042,Democratic,President
Seneca,Hillary  Clinton,5478,Democratic,President
Van Wert,Hillary  Clinton,2119,Democratic,President
Williams,Hillary  Clinton,3020,Democratic,President
Wood,Hillary  Clinton,14012,Democratic,President
Wyandot,Hillary  Clinton,845,Democratic,President
Ashland,John  Edwards,53,Democratic,President
Crawford,John  Edwards,229,Democratic,President
Defiance,John  Edwards,164,Democratic,President
Fulton,John  Edwards,94,Democratic,President
Henry,John  Edwards,75,Democratic,President
Huron,John  Edwards,170,Democratic,President
Lucas,John  Edwards,42,Democratic,President
Mercer,John  Edwards,57,Democratic,President
Paulding,John  Edwards,124,Democratic,President
Putnam,John  Edwards,276,Democratic,President
Sandusky,John  Edwards,237,Democratic,President
Seneca,John  Edwards,261,Democratic,President
Van Wert,John  Edwards,126,Democratic,President
Williams,John  Edwards,88,Democratic,President
Wood,John  Edwards,292,Democratic,President
Wyandot,John  Edwards,37,Democratic,President
Ashland,Barack  Obama,602,Democratic,President
Crawford,Barack  Obama,2375,Democratic,President
Defiance,Barack  Obama,2456,Democratic,President
Fulton,Barack  Obama,2536,Democratic,President
Henry,Barack  Obama,1805,Democratic,President
Huron,Barack  Obama,3030,Democratic,President
Lucas,Barack  Obama,1658,Democratic,President
Mercer,Barack  Obama,542,Democratic,President
Paulding,Barack  Obama,843,Democratic,President
Putnam,Barack  Obama,2066,Democratic,President
Sandusky,Barack  Obama,4823,Democratic,President
Seneca,Barack  Obama,3773,Democratic,President
Van Wert,Barack  Obama,1258,Democratic,President
Williams,Barack  Obama,2184,Democratic,President
Wood,Barack  Obama,9349,Democratic,President
Wyandot,Barack  Obama,560,Democratic,President
Athens,Hillary  Clinton,4873,Democratic,President
Belmont,Hillary  Clinton,11185,Democratic,President
Columbiana,Hillary  Clinton,14741,Democratic,President
Gallia,Hillary  Clinton,3681,Democratic,President
Jefferson,Hillary  Clinton,14006,Democratic,President
Lawrence,Hillary  Clinton,8542,Democratic,President
Mahoning,Hillary  Clinton,23076,Democratic,President
Meigs,Hillary  Clinton,2834,Democratic,President
Monroe,Hillary  Clinton,3212,Democratic,President
Noble,Hillary  Clinton,1651,Democratic,President
Scioto,Hillary  Clinton,5347,Democratic,President
Washington,Hillary  Clinton,8319,Democratic,President
Athens,John  Edwards,201,Democratic,President
Belmont,John  Edwards,737,Democratic,President
Columbiana,John  Edwards,579,Democratic,President
Gallia,John  Edwards,159,Democratic,President
Jefferson,John  Edwards,1075,Democratic,President
Lawrence,John  Edwards,310,Democratic,President
Mahoning,John  Edwards,753,Democratic,President
Meigs,John  Edwards,124,Democratic,President
Monroe,John  Edwards,283,Democratic,President
Noble,John  Edwards,142,Democratic,President
Scioto,John  Edwards,141,Democratic,President
Washington,John  Edwards,335,Democratic,President
Athens,Barack  Obama,5845,Democratic,President
Belmont,Barack  Obama,3514,Democratic,President
Columbiana,Barack  Obama,5555,Democratic,President
Gallia,Barack  Obama,879,Democratic,President
Jefferson,Barack  Obama,5907,Democratic,President
Lawrence,Barack  Obama,2116,Democratic,President
Mahoning,Barack  Obama,9611,Democratic,President
Meigs,Barack  Obama,745,Democratic,President
Monroe,Barack  Obama,1021,Democratic,President
Noble,Barack  Obama,542,Democratic,President
Scioto,Barack  Obama,883,Democratic,President
Washington,Barack  Obama,3060,Democratic,President
Clark,Hillary  Clinton,16066,Democratic,President
Fairfield,Hillary  Clinton,14721,Democratic,President
Fayette,Hillary  Clinton,2511,Democratic,President
Franklin,Hillary  Clinton,8181,Democratic,President
Greene,Hillary  Clinton,13727,Democratic,President
Perry,Hillary  Clinton,4797,Democratic,President
Pickaway,Hillary  Clinton,6395,Democratic,President
Ross,Hillary  Clinton,1281,Democratic,President
Clark,John  Edwards,511,Democratic,President
Fairfield,John  Edwards,482,Democratic,President
Fayette,John  Edwards,76,Democratic,President
Franklin,John  Edwards,215,Democratic,President
Greene,John  Edwards,370,Democratic,President
Perry,John  Edwards,182,Democratic,President
Pickaway,John  Edwards,250,Democratic,President
Ross,John  Edwards,33,Democratic,President
Clark,Barack  Obama,10693,Democratic,President
Fairfield,Barack  Obama,9623,Democratic,President
Fayette,Barack  Obama,1057,Democratic,President
Franklin,Barack  Obama,9794,Democratic,President
Greene,Barack  Obama,13241,Democratic,President
Perry,Barack  Obama,1460,Democratic,President
Pickaway,Barack  Obama,2747,Democratic,President
Ross,Barack  Obama,501,Democratic,President
Butler,Hillary  Clinton,25456,Democratic,President
Darke,Hillary  Clinton,3985,Democratic,President
Mercer,Hillary  Clinton,2114,Democratic,President
Miami,Hillary  Clinton,9005,Democratic,President
Montgomery,Hillary  Clinton,9759,Democratic,President
Preble,Hillary  Clinton,4342,Democratic,President
Butler,John  Edwards,537,Democratic,President
Darke,John  Edwards,197,Democratic,President
Mercer,John  Edwards,152,Democratic,President
Miami,John  Edwards,363,Democratic,President
Montgomery,John  Edwards,257,Democratic,President
Preble,John  Edwards,198,Democratic,President
Butler,Barack  Obama,21685,Democratic,President
Darke,Barack  Obama,2738,Democratic,President
Mercer,Barack  Obama,1737,Democratic,President
Miami,Barack  Obama,6480,Democratic,President
Montgomery,Barack  Obama,6818,Democratic,President
Preble,Barack  Obama,2007,Democratic,President
Erie,Hillary  Clinton,9938,Democratic,President
Lorain,Hillary  Clinton,9984,Democratic,President
Lucas,Hillary  Clinton,50033,Democratic,President
Ottawa,Hillary  Clinton,5922,Democratic,President
Erie,John  Edwards,304,Democratic,President
Lorain,John  Edwards,364,Democratic,President
Lucas,John  Edwards,966,Democratic,President
Ottawa,John  Edwards,202,Democratic,President
Erie,Barack  Obama,7523,Democratic,President
Lorain,Barack  Obama,7477,Democratic,President
Lucas,Barack  Obama,46184,Democratic,President
Ottawa,Barack  Obama,3440,Democratic,President
Cuyahoga,Hillary  Clinton,89312,Democratic,President
Cuyahoga,John  Edwards,2311,Democratic,President
Cuyahoga,Barack  Obama,55211,Democratic,President
Cuyahoga,Hillary  Clinton,50309,Democratic,President
Cuyahoga,John  Edwards,837,Democratic,President
Cuyahoga,Barack  Obama,121058,Democratic,President
Delaware,Hillary  Clinton,14495,Democratic,President
Franklin,Hillary  Clinton,35639,Democratic,President
Licking,Hillary  Clinton,10881,Democratic,President
Delaware,John  Edwards,240,Democratic,President
Franklin,John  Edwards,692,Democratic,President
Licking,John  Edwards,354,Democratic,President
Delaware,Barack  Obama,14873,Democratic,President
Franklin,Barack  Obama,64631,Democratic,President
Licking,Barack  Obama,7834,Democratic,President
Cuyahoga,Hillary  Clinton,13446,Democratic,President
Lorain,Hillary  Clinton,27750,Democratic,President
Medina,Hillary  Clinton,7556,Democratic,President
Summit,Hillary  Clinton,34606,Democratic,President
Cuyahoga,John  Edwards,275,Democratic,President
Lorain,John  Edwards,822,Democratic,President
Medina,John  Edwards,168,Democratic,President
Summit,John  Edwards,986,Democratic,President
Cuyahoga,Barack  Obama,8542,Democratic,President
Lorain,Barack  Obama,20107,Democratic,President
Medina,Barack  Obama,3987,Democratic,President
Summit,Barack  Obama,32954,Democratic,President
Ashtabula,Hillary  Clinton,13231,Democratic,President
Cuyahoga,Hillary  Clinton,6986,Democratic,President
Geauga,Hillary  Clinton,10521,Democratic,President
Lake,Hillary  Clinton,31452,Democratic,President
Portage,Hillary  Clinton,3865,Democratic,President
Summit,Hillary  Clinton,18101,Democratic,President
Trumbull,Hillary  Clinton,1475,Democratic,President
Ashtabula,John  Edwards,412,Democratic,President
Cuyahoga,John  Edwards,89,Democratic,President
Geauga,John  Edwards,248,Democratic,President
Lake,John  Edwards,755,Democratic,President
Portage,John  Edwards,117,Democratic,President
Summit,John  Edwards,394,Democratic,President
Trumbull,John  Edwards,91,Democratic,President
Ashtabula,Barack  Obama,6375,Democratic,President
Cuyahoga,Barack  Obama,6091,Democratic,President
Geauga,Barack  Obama,8486,Democratic,President
Lake,Barack  Obama,18413,Democratic,President
Portage,Barack  Obama,2711,Democratic,President
Summit,Barack  Obama,13890,Democratic,President
Trumbull,Barack  Obama,795,Democratic,President
Franklin,Hillary  Clinton,52683,Democratic,President
Madison,Hillary  Clinton,3259,Democratic,President
Union,Hillary  Clinton,3826,Democratic,President
Franklin,John  Edwards,1053,Democratic,President
Madison,John  Edwards,92,Democratic,President
Union,John  Edwards,117,Democratic,President
Franklin,Barack  Obama,56073,Democratic,President
Madison,Barack  Obama,1618,Democratic,President
Union,Barack  Obama,2729,Democratic,President
Ashland,Hillary  Clinton,2825,Democratic,President
Medina,Hillary  Clinton,12627,Democratic,President
Stark,Hillary  Clinton,49236,Democratic,President
Wayne,Hillary  Clinton,9953,Democratic,President
Ashland,John  Edwards,100,Democratic,President
Medina,John  Edwards,361,Democratic,President
Stark,John  Edwards,2045,Democratic,President
Wayne,John  Edwards,334,Democratic,President
Ashland,Barack  Obama,1985,Democratic,President
Medina,Barack  Obama,8584,Democratic,President
Stark,Barack  Obama,32923,Democratic,President
Wayne,Barack  Obama,6539,Democratic,President
Mahoning,Hillary  Clinton,27520,Democratic,President
Portage,Hillary  Clinton,16718,Democratic,President
Summit,Hillary  Clinton,18468,Democratic,President
Trumbull,Hillary  Clinton,42056,Democratic,President
Mahoning,John  Edwards,749,Democratic,President
Portage,John  Edwards,605,Democratic,President
Summit,John  Edwards,581,Democratic,President
Trumbull,John  Edwards,1572,Democratic,President
Mahoning,Barack  Obama,18083,Democratic,President
Portage,Barack  Obama,10649,Democratic,President
Summit,Barack  Obama,11704,Democratic,President
Trumbull,Barack  Obama,19507,Democratic,President
Butler,Mike  Huckabee,1515,Republican,President
Hamilton,Mike  Huckabee,12907,Republican,President
Butler,John  McCain,1931,Republican,President
Hamilton,John  McCain,26101,Republican,President
Butler,Ron  Paul,127,Republican,President
Hamilton,Ron  Paul,2304,Republican,President
Butler,Mitt  Romney,162,Republican,President
Hamilton,Mitt  Romney,2887,Republican,President
Butler,Fred  Thompson,88,Republican,President
Hamilton,Fred  Thompson,1219,Republican,President
Adams,Mike  Huckabee,1482,Republican,President
Brown,Mike  Huckabee,1945,Republican,President
Clermont,Mike  Huckabee,9204,Republican,President
Hamilton,Mike  Huckabee,7266,Republican,President
Pike,Mike  Huckabee,941,Republican,President
Scioto,Mike  Huckabee,1328,Republican,President
Warren,Mike  Huckabee,4911,Republican,President
Adams,John  McCain,1492,Republican,President
Brown,John  McCain,2307,Republican,President
Clermont,John  McCain,14530,Republican,President
Hamilton,John  McCain,19990,Republican,President
Pike,John  McCain,906,Republican,President
Scioto,John  McCain,1698,Republican,President
Warren,John  McCain,6767,Republican,President
Adams,Ron  Paul,75,Republican,President
Brown,Ron  Paul,199,Republican,President
Clermont,Ron  Paul,1181,Republican,President
Hamilton,Ron  Paul,1523,Republican,President
Pike,Ron  Paul,63,Republican,President
Scioto,Ron  Paul,63,Republican,President
Warren,Ron  Paul,507,Republican,President
Adams,Mitt  Romney,104,Republican,President
Brown,Mitt  Romney,177,Republican,President
Clermont,Mitt  Romney,1339,Republican,President
Hamilton,Mitt  Romney,2266,Republican,President
Pike,Mitt  Romney,53,Republican,President
Scioto,Mitt  Romney,111,Republican,President
Warren,Mitt  Romney,711,Republican,President
Adams,Fred  Thompson,67,Republican,President
Brown,Fred  Thompson,91,Republican,President
Clermont,Fred  Thompson,683,Republican,President
Hamilton,Fred  Thompson,641,Republican,President
Pike,Fred  Thompson,54,Republican,President
Scioto,Fred  Thompson,75,Republican,President
Warren,Fred  Thompson,283,Republican,President
Clinton,Mike  Huckabee,2362,Republican,President
Highland,Mike  Huckabee,2187,Republican,President
Montgomery,Mike  Huckabee,15006,Republican,President
Warren,Mike  Huckabee,5591,Republican,President
Clinton,John  McCain,2973,Republican,President
Highland,John  McCain,2590,Republican,President
Montgomery,John  McCain,22116,Republican,President
Warren,John  McCain,7238,Republican,President
Clinton,Ron  Paul,196,Republican,President
Highland,Ron  Paul,125,Republican,President
Montgomery,Ron  Paul,1724,Republican,President
Warren,Ron  Paul,496,Republican,President
Clinton,Mitt  Romney,183,Republican,President
Highland,Mitt  Romney,173,Republican,President
Montgomery,Mitt  Romney,2089,Republican,President
Warren,Mitt  Romney,717,Republican,President
Clinton,Fred  Thompson,123,Republican,President
Highland,Fred  Thompson,135,Republican,President
Montgomery,Fred  Thompson,960,Republican,President
Warren,Fred  Thompson,328,Republican,President
Allen,Mike  Huckabee,4067,Republican,President
Auglaize,Mike  Huckabee,1742,Republican,President
Champaign,Mike  Huckabee,2350,Republican,President
Hancock,Mike  Huckabee,3610,Republican,President
Hardin,Mike  Huckabee,1413,Republican,President
Logan,Mike  Huckabee,2663,Republican,President
Marion,Mike  Huckabee,2330,Republican,President
Morrow,Mike  Huckabee,1972,Republican,President
Richland,Mike  Huckabee,4623,Republican,President
Shelby,Mike  Huckabee,2147,Republican,President
Wyandot,Mike  Huckabee,489,Republican,President
Allen,John  McCain,6813,Republican,President
Auglaize,John  McCain,2615,Republican,President
Champaign,John  McCain,3231,Republican,President
Hancock,John  McCain,5645,Republican,President
Hardin,John  McCain,2213,Republican,President
Logan,John  McCain,3489,Republican,President
Marion,John  McCain,3494,Republican,President
Morrow,John  McCain,2271,Republican,President
Richland,John  McCain,6292,Republican,President
Shelby,John  McCain,2516,Republican,President
Wyandot,John  McCain,650,Republican,President
Allen,Ron  Paul,848,Republican,President
Auglaize,Ron  Paul,490,Republican,President
Champaign,Ron  Paul,238,Republican,President
Hancock,Ron  Paul,895,Republican,President
Hardin,Ron  Paul,263,Republican,President
Logan,Ron  Paul,297,Republican,President
Marion,Ron  Paul,207,Republican,President
Morrow,Ron  Paul,283,Republican,President
Richland,Ron  Paul,836,Republican,President
Shelby,Ron  Paul,323,Republican,President
Wyandot,Ron  Paul,109,Republican,President
Allen,Mitt  Romney,738,Republican,President
Auglaize,Mitt  Romney,282,Republican,President
Champaign,Mitt  Romney,236,Republican,President
Hancock,Mitt  Romney,507,Republican,President
Hardin,Mitt  Romney,180,Republican,President
Logan,Mitt  Romney,337,Republican,President
Marion,Mitt  Romney,305,Republican,President
Morrow,Mitt  Romney,207,Republican,President
Richland,Mitt  Romney,833,Republican,President
Shelby,Mitt  Romney,221,Republican,President
Wyandot,Mitt  Romney,79,Republican,President
Allen,Fred  Thompson,323,Republican,President
Auglaize,Fred  Thompson,124,Republican,President
Champaign,Fred  Thompson,152,Republican,President
Hancock,Fred  Thompson,249,Republican,President
Hardin,Fred  Thompson,123,Republican,President
Logan,Fred  Thompson,176,Republican,President
Marion,Fred  Thompson,168,Republican,President
Morrow,Fred  Thompson,148,Republican,President
Richland,Fred  Thompson,359,Republican,President
Shelby,Fred  Thompson,102,Republican,President
Wyandot,Fred  Thompson,46,Republican,President
Ashland,Mike  Huckabee,537,Republican,President
Crawford,Mike  Huckabee,1784,Republican,President
Defiance,Mike  Huckabee,1577,Republican,President
Fulton,Mike  Huckabee,2104,Republican,President
Henry,Mike  Huckabee,1087,Republican,President
Huron,Mike  Huckabee,1578,Republican,President
Lucas,Mike  Huckabee,669,Republican,President
Mercer,Mike  Huckabee,409,Republican,President
Paulding,Mike  Huckabee,908,Republican,President
Putnam,Mike  Huckabee,1858,Republican,President
Sandusky,Mike  Huckabee,2501,Republican,President
Seneca,Mike  Huckabee,2435,Republican,President
Van Wert,Mike  Huckabee,1550,Republican,President
Williams,Mike  Huckabee,1695,Republican,President
Wood,Mike  Huckabee,3668,Republican,President
Wyandot,Mike  Huckabee,477,Republican,President
Ashland,John  McCain,588,Republican,President
Crawford,John  McCain,2307,Republican,President
Defiance,John  McCain,2336,Republican,President
Fulton,John  McCain,2583,Republican,President
Henry,John  McCain,1706,Republican,President
Huron,John  McCain,2276,Republican,President
Lucas,John  McCain,1018,Republican,President
Mercer,John  McCain,568,Republican,President
Paulding,John  McCain,1044,Republican,President
Putnam,John  McCain,2911,Republican,President
Sandusky,John  McCain,3645,Republican,President
Seneca,John  McCain,4039,Republican,President
Van Wert,John  McCain,2239,Republican,President
Williams,John  McCain,2391,Republican,President
Wood,John  McCain,6390,Republican,President
Wyandot,John  McCain,690,Republican,President
Ashland,Ron  Paul,100,Republican,President
Crawford,Ron  Paul,214,Republican,President
Defiance,Ron  Paul,320,Republican,President
Fulton,Ron  Paul,323,Republican,President
Henry,Ron  Paul,110,Republican,President
Huron,Ron  Paul,296,Republican,President
Lucas,Ron  Paul,165,Republican,President
Mercer,Ron  Paul,98,Republican,President
Paulding,Ron  Paul,261,Republican,President
Putnam,Ron  Paul,410,Republican,President
Sandusky,Ron  Paul,503,Republican,President
Seneca,Ron  Paul,558,Republican,President
Van Wert,Ron  Paul,345,Republican,President
Williams,Ron  Paul,325,Republican,President
Wood,Ron  Paul,956,Republican,President
Wyandot,Ron  Paul,61,Republican,President
Ashland,Mitt  Romney,62,Republican,President
Crawford,Mitt  Romney,268,Republican,President
Defiance,Mitt  Romney,243,Republican,President
Fulton,Mitt  Romney,297,Republican,President
Henry,Mitt  Romney,155,Republican,President
Huron,Mitt  Romney,213,Republican,President
Lucas,Mitt  Romney,179,Republican,President
Mercer,Mitt  Romney,51,Republican,President
Paulding,Mitt  Romney,77,Republican,President
Putnam,Mitt  Romney,354,Republican,President
Sandusky,Mitt  Romney,462,Republican,President
Seneca,Mitt  Romney,545,Republican,President
Van Wert,Mitt  Romney,237,Republican,President
Williams,Mitt  Romney,266,Republican,President
Wood,Mitt  Romney,896,Republican,President
Wyandot,Mitt  Romney,78,Republican,President
Ashland,Fred  Thompson,39,Republican,President
Crawford,Fred  Thompson,122,Republican,President
Defiance,Fred  Thompson,140,Republican,President
Fulton,Fred  Thompson,171,Republican,President
Henry,Fred  Thompson,56,Republican,President
Huron,Fred  Thompson,122,Republican,President
Lucas,Fred  Thompson,62,Republican,President
Mercer,Fred  Thompson,28,Republican,President
Paulding,Fred  Thompson,68,Republican,President
Putnam,Fred  Thompson,126,Republican,President
Sandusky,Fred  Thompson,213,Republican,President
Seneca,Fred  Thompson,239,Republican,President
Van Wert,Fred  Thompson,106,Republican,President
Williams,Fred  Thompson,127,Republican,President
Wood,Fred  Thompson,339,Republican,President
Wyandot,Fred  Thompson,56,Republican,President
Athens,Mike  Huckabee,789,Republican,President
Belmont,Mike  Huckabee,874,Republican,President
Columbiana,Mike  Huckabee,3293,Republican,President
Gallia,Mike  Huckabee,1609,Republican,President
Jefferson,Mike  Huckabee,1618,Republican,President
Lawrence,Mike  Huckabee,2809,Republican,President
Mahoning,Mike  Huckabee,2460,Republican,President
Meigs,Mike  Huckabee,1159,Republican,President
Monroe,Mike  Huckabee,351,Republican,President
Noble,Mike  Huckabee,727,Republican,President
Scioto,Mike  Huckabee,1346,Republican,President
Washington,Mike  Huckabee,2533,Republican,President
Athens,John  McCain,1430,Republican,President
Belmont,John  McCain,1484,Republican,President
Columbiana,John  McCain,4616,Republican,President
Gallia,John  McCain,2595,Republican,President
Jefferson,John  McCain,2703,Republican,President
Lawrence,John  McCain,3802,Republican,President
Mahoning,John  McCain,3695,Republican,President
Meigs,John  McCain,2125,Republican,President
Monroe,John  McCain,397,Republican,President
Noble,John  McCain,1192,Republican,President
Scioto,John  McCain,1201,Republican,President
Washington,John  McCain,4242,Republican,President
Athens,Ron  Paul,283,Republican,President
Belmont,Ron  Paul,96,Republican,President
Columbiana,Ron  Paul,712,Republican,President
Gallia,Ron  Paul,105,Republican,President
Jefferson,Ron  Paul,243,Republican,President
Lawrence,Ron  Paul,203,Republican,President
Mahoning,Ron  Paul,459,Republican,President
Meigs,Ron  Paul,165,Republican,President
Monroe,Ron  Paul,54,Republican,President
Noble,Ron  Paul,68,Republican,President
Scioto,Ron  Paul,69,Republican,President
Washington,Ron  Paul,505,Republican,President
Athens,Mitt  Romney,89,Republican,President
Belmont,Mitt  Romney,132,Republican,President
Columbiana,Mitt  Romney,455,Republican,President
Gallia,Mitt  Romney,96,Republican,President
Jefferson,Mitt  Romney,269,Republican,President
Lawrence,Mitt  Romney,223,Republican,President
Mahoning,Mitt  Romney,487,Republican,President
Meigs,Mitt  Romney,88,Republican,President
Monroe,Mitt  Romney,37,Republican,President
Noble,Mitt  Romney,64,Republican,President
Scioto,Mitt  Romney,92,Republican,President
Washington,Mitt  Romney,238,Republican,President
Athens,Fred  Thompson,49,Republican,President
Belmont,Fred  Thompson,158,Republican,President
Columbiana,Fred  Thompson,267,Republican,President
Gallia,Fred  Thompson,109,Republican,President
Jefferson,Fred  Thompson,172,Republican,President
Lawrence,Fred  Thompson,165,Republican,President
Mahoning,Fred  Thompson,157,Republican,President
Meigs,Fred  Thompson,99,Republican,President
Monroe,Fred  Thompson,34,Republican,President
Noble,Fred  Thompson,86,Republican,President
Scioto,Fred  Thompson,65,Republican,President
Washington,Fred  Thompson,155,Republican,President
Clark,Mike  Huckabee,5860,Republican,President
Fairfield,Mike  Huckabee,6942,Republican,President
Fayette,Mike  Huckabee,1400,Republican,President
Franklin,Mike  Huckabee,2203,Republican,President
Greene,Mike  Huckabee,8946,Republican,President
Perry,Mike  Huckabee,1401,Republican,President
Pickaway,Mike  Huckabee,2026,Republican,President
Ross,Mike  Huckabee,401,Republican,President
Clark,John  McCain,8491,Republican,President
Fairfield,John  McCain,12062,Republican,President
Fayette,John  McCain,2041,Republican,President
Franklin,John  McCain,3304,Republican,President
Greene,John  McCain,12437,Republican,President
Perry,John  McCain,1827,Republican,President
Pickaway,John  McCain,2649,Republican,President
Ross,John  McCain,453,Republican,President
Clark,Ron  Paul,482,Republican,President
Fairfield,Ron  Paul,1057,Republican,President
Fayette,Ron  Paul,110,Republican,President
Franklin,Ron  Paul,267,Republican,President
Greene,Ron  Paul,785,Republican,President
Perry,Ron  Paul,158,Republican,President
Pickaway,Ron  Paul,210,Republican,President
Ross,Ron  Paul,36,Republican,President
Clark,Mitt  Romney,510,Republican,President
Fairfield,Mitt  Romney,814,Republican,President
Fayette,Mitt  Romney,140,Republican,President
Franklin,Mitt  Romney,344,Republican,President
Greene,Mitt  Romney,954,Republican,President
Perry,Mitt  Romney,107,Republican,President
Pickaway,Mitt  Romney,168,Republican,President
Ross,Mitt  Romney,60,Republican,President
Clark,Fred  Thompson,267,Republican,President
Fairfield,Fred  Thompson,521,Republican,President
Fayette,Fred  Thompson,86,Republican,President
Franklin,Fred  Thompson,209,Republican,President
Greene,Fred  Thompson,462,Republican,President
Perry,Fred  Thompson,108,Republican,President
Pickaway,Fred  Thompson,142,Republican,President
Ross,Fred  Thompson,28,Republican,President
Butler,Mike  Huckabee,12243,Republican,President
Darke,Mike  Huckabee,2603,Republican,President
Mercer,Mike  Huckabee,1235,Republican,President
Miami,Mike  Huckabee,5660,Republican,President
Montgomery,Mike  Huckabee,2736,Republican,President
Preble,Mike  Huckabee,2636,Republican,President
Butler,John  McCain,17894,Republican,President
Darke,John  McCain,3406,Republican,President
Mercer,John  McCain,1714,Republican,President
Miami,John  McCain,8098,Republican,President
Montgomery,John  McCain,3189,Republican,President
Preble,John  McCain,2966,Republican,President
Butler,Ron  Paul,1052,Republican,President
Darke,Ron  Paul,285,Republican,President
Mercer,Ron  Paul,299,Republican,President
Miami,Ron  Paul,618,Republican,President
Montgomery,Ron  Paul,257,Republican,President
Preble,Ron  Paul,258,Republican,President
Butler,Mitt  Romney,1645,Republican,President
Darke,Mitt  Romney,261,Republican,President
Mercer,Mitt  Romney,175,Republican,President
Miami,Mitt  Romney,808,Republican,President
Montgomery,Mitt  Romney,309,Republican,President
Preble,Mitt  Romney,239,Republican,President
Butler,Fred  Thompson,757,Republican,President
Darke,Fred  Thompson,159,Republican,President
Mercer,Fred  Thompson,64,Republican,President
Miami,Fred  Thompson,341,Republican,President
Montgomery,Fred  Thompson,188,Republican,President
Preble,Fred  Thompson,158,Republican,President
Erie,Mike  Huckabee,1823,Republican,President
Lorain,Mike  Huckabee,1696,Republican,President
Lucas,Mike  Huckabee,6238,Republican,President
Ottawa,Mike  Huckabee,1109,Republican,President
Erie,John  McCain,3435,Republican,President
Lorain,John  McCain,3087,Republican,President
Lucas,John  McCain,11802,Republican,President
Ottawa,John  McCain,1997,Republican,President
Erie,Ron  Paul,317,Republican,President
Lorain,Ron  Paul,304,Republican,President
Lucas,Ron  Paul,1726,Republican,President
Ottawa,Ron  Paul,199,Republican,President
Erie,Mitt  Romney,341,Republican,President
Lorain,Mitt  Romney,356,Republican,President
Lucas,Mitt  Romney,1761,Republican,President
Ottawa,Mitt  Romney,254,Republican,President
Erie,Fred  Thompson,129,Republican,President
Lorain,Fred  Thompson,169,Republican,President
Lucas,Fred  Thompson,549,Republican,President
Ottawa,Fred  Thompson,85,Republican,President
Cuyahoga,Mike  Huckabee,7418,Republican,President
Cuyahoga,John  McCain,21838,Republican,President
Cuyahoga,Ron  Paul,1867,Republican,President
Cuyahoga,Mitt  Romney,1662,Republican,President
Cuyahoga,Fred  Thompson,645,Republican,President
Cuyahoga,Mike  Huckabee,2625,Republican,President
Cuyahoga,John  McCain,9064,Republican,President
Cuyahoga,Ron  Paul,845,Republican,President
Cuyahoga,Mitt  Romney,712,Republican,President
Cuyahoga,Fred  Thompson,289,Republican,President
Delaware,Mike  Huckabee,6714,Republican,President
Franklin,Mike  Huckabee,8958,Republican,President
Licking,Mike  Huckabee,4583,Republican,President
Delaware,John  McCain,14132,Republican,President
Franklin,John  McCain,18402,Republican,President
Licking,John  McCain,7814,Republican,President
Delaware,Ron  Paul,1141,Republican,President
Franklin,Ron  Paul,1700,Republican,President
Licking,Ron  Paul,865,Republican,President
Delaware,Mitt  Romney,1067,Republican,President
Franklin,Mitt  Romney,1822,Republican,President
Licking,Mitt  Romney,783,Republican,President
Delaware,Fred  Thompson,438,Republican,President
Franklin,Fred  Thompson,928,Republican,President
Licking,Fred  Thompson,410,Republican,President
Cuyahoga,Mike  Huckabee,2067,Republican,President
Lorain,Mike  Huckabee,3208,Republican,President
Medina,Mike  Huckabee,1195,Republican,President
Summit,Mike  Huckabee,5089,Republican,President
Cuyahoga,John  McCain,5835,Republican,President
Lorain,John  McCain,7454,Republican,President
Medina,John  McCain,2548,Republican,President
Summit,John  McCain,9189,Republican,President
Cuyahoga,Ron  Paul,472,Republican,President
Lorain,Ron  Paul,566,Republican,President
Medina,Ron  Paul,256,Republican,President
Summit,Ron  Paul,1025,Republican,President
Cuyahoga,Mitt  Romney,533,Republican,President
Lorain,Mitt  Romney,609,Republican,President
Medina,Mitt  Romney,249,Republican,President
Summit,Mitt  Romney,1289,Republican,President
Cuyahoga,Fred  Thompson,175,Republican,President
Lorain,Fred  Thompson,320,Republican,President
Medina,Fred  Thompson,146,Republican,President
Summit,Fred  Thompson,461,Republican,President
Ashtabula,Mike  Huckabee,2769,Republican,President
Cuyahoga,Mike  Huckabee,746,Republican,President
Geauga,Mike  Huckabee,2487,Republican,President
Lake,Mike  Huckabee,5135,Republican,President
Portage,Mike  Huckabee,804,Republican,President
Summit,Mike  Huckabee,3273,Republican,President
Trumbull,Mike  Huckabee,346,Republican,President
Ashtabula,John  McCain,3818,Republican,President
Cuyahoga,John  McCain,3645,Republican,President
Geauga,John  McCain,6013,Republican,President
Lake,John  McCain,12203,Republican,President
Portage,John  McCain,2021,Republican,President
Summit,John  McCain,7373,Republican,President
Trumbull,John  McCain,400,Republican,President
Ashtabula,Ron  Paul,682,Republican,President
Cuyahoga,Ron  Paul,174,Republican,President
Geauga,Ron  Paul,674,Republican,President
Lake,Ron  Paul,1282,Republican,President
Portage,Ron  Paul,205,Republican,President
Summit,Ron  Paul,553,Republican,President
Trumbull,Ron  Paul,62,Republican,President
Ashtabula,Mitt  Romney,329,Republican,President
Cuyahoga,Mitt  Romney,251,Republican,President
Geauga,Mitt  Romney,511,Republican,President
Lake,Mitt  Romney,981,Republican,President
Portage,Mitt  Romney,224,Republican,President
Summit,Mitt  Romney,893,Republican,President
Trumbull,Mitt  Romney,48,Republican,President
Ashtabula,Fred  Thompson,214,Republican,President
Cuyahoga,Fred  Thompson,63,Republican,President
Geauga,Fred  Thompson,199,Republican,President
Lake,Fred  Thompson,458,Republican,President
Portage,Fred  Thompson,76,Republican,President
Summit,Fred  Thompson,285,Republican,President
Trumbull,Fred  Thompson,38,Republican,President
Franklin,Mike  Huckabee,12768,Republican,President
Madison,Mike  Huckabee,1709,Republican,President
Union,Mike  Huckabee,2767,Republican,President
Franklin,John  McCain,25436,Republican,President
Madison,John  McCain,2844,Republican,President
Union,John  McCain,4418,Republican,President
Franklin,Ron  Paul,2627,Republican,President
Madison,Ron  Paul,187,Republican,President
Union,Ron  Paul,330,Republican,President
Franklin,Mitt  Romney,2794,Republican,President
Madison,Mitt  Romney,175,Republican,President
Union,Mitt  Romney,378,Republican,President
Franklin,Fred  Thompson,1331,Republican,President
Madison,Fred  Thompson,122,Republican,President
Union,Fred  Thompson,240,Republican,President
Ashland,Mike  Huckabee,2150,Republican,President
Medina,Mike  Huckabee,3951,Republican,President
Stark,Mike  Huckabee,12414,Republican,President
Wayne,Mike  Huckabee,5254,Republican,President
Ashland,John  McCain,2754,Republican,President
Medina,John  McCain,7777,Republican,President
Stark,John  McCain,22130,Republican,President
Wayne,John  McCain,6634,Republican,President
Ashland,Ron  Paul,444,Republican,President
Medina,Ron  Paul,754,Republican,President
Stark,Ron  Paul,2432,Republican,President
Wayne,Ron  Paul,903,Republican,President
Ashland,Mitt  Romney,276,Republican,President
Medina,Mitt  Romney,895,Republican,President
Stark,Mitt  Romney,2133,Republican,President
Wayne,Mitt  Romney,762,Republican,President
Ashland,Fred  Thompson,141,Republican,President
Medina,Fred  Thompson,404,Republican,President
Stark,Fred  Thompson,950,Republican,President
Wayne,Fred  Thompson,350,Republican,President
Mahoning,Mike  Huckabee,178,Republican,President
Portage,Mike  Huckabee,2303,Republican,President
Summit,Mike  Huckabee,2711,Republican,President
Trumbull,Mike  Huckabee,3513,Republican,President
Mahoning,John  McCain,1780,Republican,President
Portage,John  McCain,3480,Republican,President
Summit,John  McCain,3888,Republican,President
Trumbull,John  McCain,5368,Republican,President
Mahoning,Ron  Paul,248,Republican,President
Portage,Ron  Paul,534,Republican,President
Summit,Ron  Paul,485,Republican,President
Trumbull,Ron  Paul,739,Republican,President
Mahoning,Mitt  Romney,212,Republican,President
Portage,Mitt  Romney,432,Republican,President
Summit,Mitt  Romney,480,Republican,President
Trumbull,Mitt  Romney,538,Republican,President
Mahoning,Fred  Thompson,128,Republican,President
Portage,Fred  Thompson,222,Republican,President
Summit,Fred  Thompson,218,Republican,President
Trumbull,Fred  Thompson,314,Republican,President
Columbiana,Linda S. Bolon,17130,Democratic,State Representative
Delaware,Janice  Lanier,12296,Democratic,State Representative
Delaware,Kelley  Wenzlaff,5505,Democratic,State Representative
Wayne,Merle Joe Miller,10569,Democratic,State Representative
Wood,Jeffery P. Bretz,13896,Democratic,State Representative
Cuyahoga,Kenny  Yuko,18705,Democratic,State Representative
Cuyahoga,Armond  Budish,22507,Democratic,State Representative
Cuyahoga,Barbara  Boyd,20153,Democratic,State Representative
Cuyahoga,Eugene R. Miller,8644,Democratic,State Representative
Cuyahoga,Freddie  Moore,5868,Democratic,State Representative
Cuyahoga,Sandra  Williams,11392,Democratic,State Representative
Cuyahoga,Michael  DeBose,19838,Democratic,State Representative
Cuyahoga,Michael J. Skindell,11537,Democratic,State Representative
Cuyahoga,Mike  Foley,14599,Democratic,State Representative
Cuyahoga,Timothy J. DeGeeter,17453,Democratic,State Representative
Cuyahoga,Jennifer  Brady,16355,Democratic,State Representative
Cuyahoga,Bob  Belovich,16189,Democratic,State Representative
Cuyahoga,Matt  Patten,13830,Democratic,State Representative
Franklin,Marian  Harris,16364,Democratic,State Representative
Franklin,Bev  Campbell,7924,Democratic,State Representative
Franklin,Nancy  Garland,10324,Democratic,State Representative
Franklin,Jay G. Perez,12852,Democratic,State Representative
Franklin,John Patrick Carney,15468,Democratic,State Representative
Franklin,Keith  Goldhardt,12357,Democratic,State Representative
Franklin,Ted  Celeste,15489,Democratic,State Representative
Franklin,Dan  Stewart,13457,Democratic,State Representative
Franklin,Tracy  Heard,18446,Democratic,State Representative
Franklin,Mayo  Makinde,2130,Democratic,State Representative
Franklin,H. Lee Thompson,5470,Democratic,State Representative
Franklin,W. Carlton Weddington,10723,Democratic,State Representative
Hamilton,Connie  Pillich,12772,Democratic,State Representative
Hamilton,Adam  Noe,10649,Democratic,State Representative
Hamilton,Bob  Klug,7806,Democratic,State Representative
Hamilton,Denise  Driehaus,7709,Democratic,State Representative
Hamilton,Dale  Mallory,13321,Democratic,State Representative
Hamilton,Tyrone K. Yates,18121,Democratic,State Representative
Hamilton,Jeff  Sinnard,10579,Democratic,State Representative
Montgomery,Charles  Morton,11400,Democratic,State Representative
Montgomery,Andi  Eveslage,11010,Democratic,State Representative
Montgomery,Susan W. Lienesch,12070,Democratic,State Representative
Montgomery,Clayton  Luckie,12745,Democratic,State Representative
Montgomery,Vic  Harris,8349,Democratic,State Representative
Montgomery,Roland  Winburn,10550,Democratic,State Representative
Summit,Brian G. Williams,19803,Democratic,State Representative
Summit,Mike  Moran,15957,Democratic,State Representative
Portage,Stephen  Dyer,5376,Democratic,State Representative
Summit,Stephen  Dyer,13407,Democratic,State Representative
Summit,Vernon  Sykes,19106,Democratic,State Representative
Summit,John R. Otterman,16408,Democratic,State Representative
Lucas,Darlene  Dunn,14909,Democratic,State Representative
Lucas,Peter  Ujvagi,14131,Democratic,State Representative
Lucas,Edna  Brown,18568,Democratic,State Representative
Lucas,Matthew A. Szollosi,15069,Democratic,State Representative
Stark,Celeste M. DeHoff,7882,Democratic,State Representative
Stark,Nick  Guarnieri,1618,Democratic,State Representative
Stark,Martin  Olson,2410,Democratic,State Representative
Stark,Mike  Stevens,7585,Democratic,State Representative
Stark,Vincent J. Strasavich,1336,Democratic,State Representative
Stark,James O. Babcock,4050,Democratic,State Representative
Stark,Richard A. Hiles,824,Democratic,State Representative
Stark,John M. Rinaldi,5380,Democratic,State Representative
Stark,Stephen  Slesnick,6204,Democratic,State Representative
Stark,Thomas E. West,4923,Democratic,State Representative
Butler,Rocky  Day,7656,Democratic,State Representative
Butler,Arnold  Engel,4102,Democratic,State Representative
Butler,Ken  Keith,7331,Democratic,State Representative
Butler,Tony  Klimek,8839,Democratic,State Representative
Lorain,Joseph F. Koziura,17866,Democratic,State Representative
Lorain,Matt  Lundy,19334,Democratic,State Representative
Huron,Matthew  Barrett,5536,Democratic,State Representative
Lorain,Matthew  Barrett,6945,Democratic,State Representative
Seneca,Matthew  Barrett,1062,Democratic,State Representative
Mahoning,Ronald V. Gerberry,29149,Democratic,State Representative
Mahoning,Robert F. Hagan,22213,Democratic,State Representative
Carroll,Mark D. Okey,4413,Democratic,State Representative
Mahoning,Mark D. Okey,4984,Democratic,State Representative
Stark,Mark D. Okey,5368,Democratic,State Representative
Tuscarawas,Mark D. Okey,2805,Democratic,State Representative
Lake,Lorraine M. Fende,17485,Democratic,State Representative
Lake,Mark A. Schneider,14059,Democratic,State Representative
Trumbull,Tom  Letson,19797,Democratic,State Representative
Trumbull,Sandra Stabile Harwood,23849,Democratic,State Representative
Portage,Kathleen  Chandler,17646,Democratic,State Representative
Medina,Jack  Schira,14643,Democratic,State Representative
Greene,Matt  Nisenoff,10341,Democratic,State Representative
Licking,Howard H. Hill,12743,Democratic,State Representative
Clark,Richard G. Spangler,12109,Democratic,State Representative
Richland,Jay  Goyal,13381,Democratic,State Representative
Defiance,David J. Pilliod,3484,Democratic,State Representative
Fulton,David J. Pilliod,4159,Democratic,State Representative
Williams,David J. Pilliod,2832,Democratic,State Representative
Darke,Melissa A. Stanley,1281,Democratic,State Representative
Miami,Melissa A. Stanley,9966,Democratic,State Representative
Erie,Dennis E. Murray,12869,Democratic,State Representative
Ottawa,Dennis E. Murray,5439,Democratic,State Representative
Ottawa,Andrew  Kashmer,1331,Democratic,State Representative
Sandusky,Andrew  Kashmer,7588,Democratic,State Representative
Seneca,Andrew  Kashmer,5011,Democratic,State Representative
Crawford,Wanda L. Sharrock,3945,Democratic,State Representative
Marion,Wanda L. Sharrock,2574,Democratic,State Representative
Wyandot,Wanda L. Sharrock,1132,Democratic,State Representative
Crawford,Craig S. Swartz,1629,Democratic,State Representative
Marion,Craig S. Swartz,2831,Democratic,State Representative
Wyandot,Craig S. Swartz,1437,Democratic,State Representative
Clark,Connie  Crockett,4757,Democratic,State Representative
Greene,Connie  Crockett,4173,Democratic,State Representative
Madison,Connie  Crockett,3156,Democratic,State Representative
Fayette,Raymond A. Pryor,2367,Democratic,State Representative
Pickaway,Raymond A. Pryor,2379,Democratic,State Representative
Ross,Raymond A. Pryor,7647,Democratic,State Representative
Clinton,Joy L. Brubaker,2494,Democratic,State Representative
Highland,Joy L. Brubaker,1652,Democratic,State Representative
Pike,Joy L. Brubaker,1921,Democratic,State Representative
Clinton,"William  Horne, Jr.",2009,Democratic,State Representative
Highland,"William  Horne, Jr.",3203,Democratic,State Representative
Pike,"William  Horne, Jr.",2372,Democratic,State Representative
Gallia,Aaron Shane Meldick,2483,Democratic,State Representative
Jackson,Aaron Shane Meldick,2915,Democratic,State Representative
Lawrence,Aaron Shane Meldick,3388,Democratic,State Representative
Ross,Aaron Shane Meldick,1163,Democratic,State Representative
Vinton,Aaron Shane Meldick,1577,Democratic,State Representative
Adams,Todd  Book,921,Democratic,State Representative
Lawrence,Todd  Book,3929,Democratic,State Representative
Scioto,Todd  Book,13050,Democratic,State Representative
Adams,Larry Joe Clark,745,Democratic,State Representative
Lawrence,Larry Joe Clark,2219,Democratic,State Representative
Scioto,Larry Joe Clark,3896,Democratic,State Representative
Ashland,Duane  Grassbaugh,1055,Democratic,State Representative
Knox,Duane  Grassbaugh,5515,Democratic,State Representative
Morrow,Duane  Grassbaugh,3065,Democratic,State Representative
Richland,Duane  Grassbaugh,1764,Democratic,State Representative
Hocking,Dan  Dodd,3974,Democratic,State Representative
Licking,Dan  Dodd,4279,Democratic,State Representative
Perry,Dan  Dodd,4801,Democratic,State Representative
Pickaway,Dan  Dodd,2833,Democratic,State Representative
Athens,Debbie  Phillips,10727,Democratic,State Representative
Meigs,Debbie  Phillips,2595,Democratic,State Representative
Morgan,Debbie  Phillips,1545,Democratic,State Representative
Washington,Debbie  Phillips,2340,Democratic,State Representative
Guernsey,Jennifer D. Garrison,5116,Democratic,State Representative
Monroe,Jennifer D. Garrison,3383,Democratic,State Representative
Muskingum,Jennifer D. Garrison,463,Democratic,State Representative
Noble,Jennifer D. Garrison,1798,Democratic,State Representative
Washington,Jennifer D. Garrison,6192,Democratic,State Representative
Coshocton,Jennifer  Stewart,4062,Democratic,State Representative
Muskingum,Jennifer  Stewart,9550,Democratic,State Representative
Belmont,John  Domenick,8913,Democratic,State Representative
Jefferson,John  Domenick,11399,Democratic,State Representative
Belmont,Jerry W. Krupinski,1940,Democratic,State Representative
Jefferson,Jerry W. Krupinski,7708,Democratic,State Representative
Belmont,Allan  Sayre,5363,Democratic,State Representative
Harrison,Allan  Sayre,2855,Democratic,State Representative
Tuscarawas,Allan  Sayre,12387,Democratic,State Representative
Ashland,Luke  Brewer,2829,Democratic,State Representative
Holmes,Luke  Brewer,1590,Democratic,State Representative
Medina,Luke  Brewer,4562,Democratic,State Representative
Columbiana,Sharmian  Daub,6660,Republican,State Representative
Delaware,Douglas P. Crowl,1412,Republican,State Representative
Delaware,Kris  Jordan,10362,Republican,State Representative
Delaware,Jeff  Mayle,5912,Republican,State Representative
Delaware,"Donald E. Rankey, Jr.",1753,Republican,State Representative
Wayne,Ron  Amstutz,8979,Republican,State Representative
Wayne,Charles D. Hardman,5058,Republican,State Representative
Allen,Matt  Huffman,11478,Republican,State Representative
Fairfield,Gerald L. Stebelton,15672,Republican,State Representative
Wood,Randy  Gardner,10776,Republican,State Representative
Cuyahoga,Beverly  Valencic,2571,Republican,State Representative
Cuyahoga,Jerry V. Powell,1692,Republican,State Representative
Cuyahoga,Charles C. Drake,1287,Republican,State Representative
Cuyahoga,Rosalind A. McAllister,943,Republican,State Representative
Cuyahoga,Bryan  Glencer,922,Republican,State Representative
Cuyahoga,Mary-Louise  Kirk,1923,Republican,State Representative
Cuyahoga,David  Morris,2507,Republican,State Representative
Cuyahoga,Craig A Niederriter,3679,Republican,State Representative
Cuyahoga,Nan A Baker,7428,Republican,State Representative
Cuyahoga,Josh  Mandel,9047,Republican,State Representative
Cuyahoga,Bob  Spada,6382,Republican,State Representative
Franklin,Brad  Lewis,9897,Republican,State Representative
Franklin,Jim                Mc Gregor,8097,Republican,State Representative
Franklin,Kevin  Bacon,7262,Republican,State Representative
Franklin,Michael H. Keenan,8611,Republican,State Representative
Franklin,Cheryl L. Grossman,9853,Republican,State Representative
Franklin,Brian  Kitchen,1881,Republican,State Representative
Franklin,Tim  Rankin,6900,Republican,State Representative
Franklin,Daryl P. Hennessy,4199,Republican,State Representative
Franklin,Joseph A. Healy,2247,Republican,State Representative
Franklin,Jim  Hunter,1312,Republican,State Representative
Hamilton,Jim  Raussen,8355,Republican,State Representative
Hamilton,"Louis W. Blessing, Jr.",8496,Republican,State Representative
Hamilton,Richard L. Hammersmith,6992,Republican,State Representative
Hamilton,Bob  Mecklenborg,10255,Republican,State Representative
Hamilton,Scott  Gehring,3067,Republican,State Representative
Hamilton,Theo  Barnes,1901,Republican,State Representative
Hamilton,Thomas G. Brown,2168,Republican,State Representative
Hamilton,Greg  Delev,4405,Republican,State Representative
Hamilton,Russ  Jackson,4111,Republican,State Representative
Hamilton,Peter  Stautberg,4615,Republican,State Representative
Hamilton,Grace L. Kendrick,1955,Republican,State Representative
Warren,Grace L. Kendrick,1788,Republican,State Representative
Hamilton,Ron  Maag,2384,Republican,State Representative
Warren,Ron  Maag,4528,Republican,State Representative
Hamilton,John  Rabenold,4028,Republican,State Representative
Warren,John  Rabenold,2376,Republican,State Representative
Montgomery,Seth A. Morgan,9506,Republican,State Representative
Montgomery,Peggy  Lehner,9518,Republican,State Representative
Montgomery,Terry  Blair,7114,Republican,State Representative
Montgomery,Tom  Young,5753,Republican,State Representative
Montgomery,Joshua S. Smith,1591,Republican,State Representative
Montgomery,Ann E. Siefker,3334,Republican,State Representative
Summit,Randy  Cole,7938,Republican,State Representative
Summit,Richard  Nero,4906,Republican,State Representative
Summit,"Dennis L. Robart, Jr.",4489,Republican,State Representative
Portage,Judy  Jones,1677,Republican,State Representative
Summit,Judy  Jones,5213,Republican,State Representative
Summit,Joe M. Fazek,3173,Republican,State Representative
Lucas,Barbara R. Sears,7922,Republican,State Representative
Lucas,Carolyn J. Eyre,1497,Republican,State Representative
Lucas,Jeff  Wingate,3662,Republican,State Representative
Stark,Christina M. Hagan,5074,Republican,State Representative
Stark,Todd A. Snitchler,7378,Republican,State Representative
Stark,Scott  Oelslager,14069,Republican,State Representative
Stark,John M. Easterday,4493,Republican,State Representative
Butler,Timothy  Derickson,4935,Republican,State Representative
Butler,Terri  King,2214,Republican,State Representative
Butler,Paul D. Nenni,4881,Republican,State Representative
Butler,Courtney E. Combs,8438,Republican,State Representative
Butler,Bill  Coley,9986,Republican,State Representative
Lorain,Sean P. Stipe,2375,Republican,State Representative
Lorain,Daniel C. Urban,6685,Republican,State Representative
Huron,Terry R. Boose,3486,Republican,State Representative
Lorain,Terry R. Boose,2512,Republican,State Representative
Seneca,Terry R. Boose,1005,Republican,State Representative
Mahoning,Dick  McCarthy,4066,Republican,State Representative
Mahoning,"Timothy A. Gordon, Jr.",960,Republican,State Representative
Carroll,Kirk  Susany,2555,Republican,State Representative
Mahoning,Kirk  Susany,1496,Republican,State Representative
Stark,Kirk  Susany,2336,Republican,State Representative
Tuscarawas,Kirk  Susany,629,Republican,State Representative
Lake,Mike  Gutierrez,6664,Republican,State Representative
Lake,Carol-Ann  Schindel,7814,Republican,State Representative
Trumbull,Thomas  Montgomery,4252,Republican,State Representative
Trumbull,Lyle A. Waddell,3639,Republican,State Representative
Clermont,Joe  Uecker,14765,Republican,State Representative
Warren,Shannon  Jones,13768,Republican,State Representative
Portage,W. Roak Zeller,4764,Republican,State Representative
Medina,William G. Batchelder,10830,Republican,State Representative
Greene,Frank  Cervone,1774,Republican,State Representative
Greene,Brian E. Lampton,3008,Republican,State Representative
Greene,Jarrod B. Martin,4259,Republican,State Representative
Greene,Bill  Miller,2460,Republican,State Representative
Greene,Jay A. Tieber,2977,Republican,State Representative
Licking,Jay  Hottinger,13724,Republican,State Representative
Clark,Ross W. McGregor,7932,Republican,State Representative
Richland,W. James Balcolm,6575,Republican,State Representative
Defiance,Bruce W. Goodwin,3734,Republican,State Representative
Fulton,Bruce W. Goodwin,4013,Republican,State Representative
Williams,Bruce W. Goodwin,3201,Republican,State Representative
Defiance,Lynn R. Wachtmann,157,Republican,State Representative
Henry,Lynn R. Wachtmann,2620,Republican,State Representative
Paulding,Lynn R. Wachtmann,1904,Republican,State Representative
Putnam,Lynn R. Wachtmann,4720,Republican,State Representative
Van Wert,Lynn R. Wachtmann,3753,Republican,State Representative
Auglaize,Clifford K. Hite,1465,Republican,State Representative
Hancock,Clifford K. Hite,9369,Republican,State Representative
Hardin,Clifford K. Hite,3188,Republican,State Representative
Darke,James J. Zehringer,3420,Republican,State Representative
Mercer,James J. Zehringer,4016,Republican,State Representative
Preble,James J. Zehringer,4673,Republican,State Representative
Auglaize,John  Adams,2706,Republican,State Representative
Champaign,John  Adams,5027,Republican,State Representative
Shelby,John  Adams,4452,Republican,State Representative
Darke,Richard  Adams,856,Republican,State Representative
Miami,Richard  Adams,10010,Republican,State Representative
Darke,Joe  LeMaster,622,Republican,State Representative
Miami,Joe  LeMaster,3373,Republican,State Representative
Erie,Ed  Enderle,5131,Republican,State Representative
Ottawa,Ed  Enderle,2183,Republican,State Representative
Ottawa,Gene  Damschroder,210,Republican,State Representative
Sandusky,Gene  Damschroder,1984,Republican,State Representative
Seneca,Gene  Damschroder,1217,Republican,State Representative
Ottawa,Jeff  Wagner,503,Republican,State Representative
Sandusky,Jeff  Wagner,5560,Republican,State Representative
Seneca,Jeff  Wagner,5478,Republican,State Representative
Crawford,Lois  Fisher,1718,Republican,State Representative
Marion,Lois  Fisher,2164,Republican,State Representative
Wyandot,Lois  Fisher,398,Republican,State Representative
Crawford,Jeffrey A. McClain,2535,Republican,State Representative
Marion,Jeffrey A. McClain,1518,Republican,State Representative
Wyandot,Jeffrey A. McClain,2563,Republican,State Representative
Logan,Dave  Burke,1684,Republican,State Representative
Marion,Dave  Burke,996,Republican,State Representative
Union,Dave  Burke,5631,Republican,State Representative
Logan,Jack  Reser,4972,Republican,State Representative
Marion,Jack  Reser,1167,Republican,State Representative
Union,Jack  Reser,1578,Republican,State Representative
Logan,Carson  Wasserbeck,459,Republican,State Representative
Marion,Carson  Wasserbeck,692,Republican,State Representative
Union,Carson  Wasserbeck,587,Republican,State Representative
Clark,Robert D. Hackett,2371,Republican,State Representative
Greene,Robert D. Hackett,2157,Republican,State Representative
Madison,Robert D. Hackett,3421,Republican,State Representative
Clark,Craig W. Saunders,2457,Republican,State Representative
Greene,Craig W. Saunders,3154,Republican,State Representative
Madison,Craig W. Saunders,1343,Republican,State Representative
Fayette,John M. Schlichter,3180,Republican,State Representative
Pickaway,John M. Schlichter,1830,Republican,State Representative
Ross,John M. Schlichter,4531,Republican,State Representative
Clinton,David T. Daniels,4805,Republican,State Representative
Highland,David T. Daniels,4295,Republican,State Representative
Pike,David T. Daniels,1417,Republican,State Representative
Gallia,Clyde  Evans,4268,Republican,State Representative
Jackson,Clyde  Evans,3527,Republican,State Representative
Lawrence,Clyde  Evans,2990,Republican,State Representative
Ross,Clyde  Evans,847,Republican,State Representative
Vinton,Clyde  Evans,1318,Republican,State Representative
Gallia,Daryl L. Petrie ,5,Republican,State Representative
Jackson,Daryl L. Petrie ,7,Republican,State Representative
Lawrence,Daryl L. Petrie ,0,Republican,State Representative
Ross,Daryl L. Petrie ,0,Republican,State Representative
Vinton,Daryl L. Petrie ,10,Republican,State Representative
Adams,Danny R. Bubp,1631,Republican,State Representative
Brown,Danny R. Bubp,4146,Republican,State Representative
Clermont,Danny R. Bubp,5905,Republican,State Representative
Ashland,Margaret Ann Ruhl,650,Republican,State Representative
Knox,Margaret Ann Ruhl,5248,Republican,State Representative
Morrow,Margaret Ann Ruhl,1755,Republican,State Representative
Richland,Margaret Ann Ruhl,817,Republican,State Representative
Ashland,Tom  Whiston,855,Republican,State Representative
Knox,Tom  Whiston,2200,Republican,State Representative
Morrow,Tom  Whiston,2938,Republican,State Representative
Richland,Tom  Whiston,1308,Republican,State Representative
Hocking,Bill  Hayes,1167,Republican,State Representative
Licking,Bill  Hayes,3611,Republican,State Representative
Perry,Bill  Hayes,2156,Republican,State Representative
Pickaway,Bill  Hayes,795,Republican,State Representative
Hocking,Chuck  Wellman,965,Republican,State Representative
Licking,Chuck  Wellman,1284,Republican,State Representative
Perry,Chuck  Wellman,843,Republican,State Representative
Pickaway,Chuck  Wellman,1865,Republican,State Representative
Athens,Jill  Thompson,2950,Republican,State Representative
Meigs,Jill  Thompson,2689,Republican,State Representative
Morgan,Jill  Thompson,1646,Republican,State Representative
Washington,Jill  Thompson,1972,Republican,State Representative
Guernsey,Chelsi L. Smith,2781,Republican,State Representative
Monroe,Chelsi L. Smith,607,Republican,State Representative
Muskingum,Chelsi L. Smith,539,Republican,State Representative
Noble,Chelsi L. Smith,1325,Republican,State Representative
Washington,Chelsi L. Smith,3391,Republican,State Representative
Coshocton,Troy  Balderson,2664,Republican,State Representative
Muskingum,Troy  Balderson,8288,Republican,State Representative
Coshocton,Patrick  Johnston,1581,Republican,State Representative
Muskingum,Patrick  Johnston,3662,Republican,State Representative
Belmont,Daniel Z. Jenkins,1097,Republican,State Representative
Jefferson,Daniel Z. Jenkins,3241,Republican,State Representative
Belmont,Robert Andy Ballard,1732,Republican,State Representative
Harrison,Robert Andy Ballard,988,Republican,State Representative
Tuscarawas,Robert Andy Ballard,4137,Republican,State Representative
Ashland,Dave  Hall,3818,Republican,State Representative
Holmes,Dave  Hall,3060,Republican,State Representative
Medina,Dave  Hall,3466,Republican,State Representative
Cuyahoga,Matthew J. Dolan,1571,Republican,State Representative
Geauga,Matthew J. Dolan,8190,Republican,State Representative
Butler,Steve  Driehaus,1891,Democratic,US Representative
Hamilton,Steve  Driehaus,58563,Democratic,US Representative
Adams,Stephen L. Black,1158,Democratic,US Representative
Brown,Stephen L. Black,2585,Democratic,US Representative
Clermont,Stephen L. Black,7600,Democratic,US Representative
Hamilton,Stephen L. Black,10733,Democratic,US Representative
Pike,Stephen L. Black,1747,Democratic,US Representative
Scioto,Stephen L. Black,2583,Democratic,US Representative
Warren,Stephen L. Black,3210,Democratic,US Representative
Adams,William R. Smith,542,Democratic,US Representative
Brown,William R. Smith,1095,Democratic,US Representative
Clermont,William R. Smith,3162,Democratic,US Representative
Hamilton,William R. Smith,3667,Democratic,US Representative
Pike,William R. Smith,996,Democratic,US Representative
Scioto,William R. Smith,1429,Democratic,US Representative
Warren,William R. Smith,1564,Democratic,US Representative
Adams,Victoria  Wulsin,1758,Democratic,US Representative
Brown,Victoria  Wulsin,3399,Democratic,US Representative
Clermont,Victoria  Wulsin,13359,Democratic,US Representative
Hamilton,Victoria  Wulsin,26971,Democratic,US Representative
Pike,Victoria  Wulsin,2065,Democratic,US Representative
Scioto,Victoria  Wulsin,3767,Democratic,US Representative
Warren,Victoria  Wulsin,6354,Democratic,US Representative
Clinton,David  Esrati,387,Democratic,US Representative
Highland,David  Esrati,385,Democratic,US Representative
Montgomery,David  Esrati,9091,Democratic,US Representative
Warren,David  Esrati,1301,Democratic,US Representative
Clinton,Jane  Mitakides,2061,Democratic,US Representative
Highland,Jane  Mitakides,1560,Democratic,US Representative
Montgomery,Jane  Mitakides,42204,Democratic,US Representative
Warren,Jane  Mitakides,5591,Democratic,US Representative
Clinton,Charles W. Sanders,1823,Democratic,US Representative
Highland,Charles W. Sanders,2440,Democratic,US Representative
Montgomery,Charles W. Sanders,24714,Democratic,US Representative
Warren,Charles W. Sanders,4291,Democratic,US Representative
Allen,Mike  Carroll,10041,Democratic,US Representative
Auglaize,Mike  Carroll,3722,Democratic,US Representative
Champaign,Mike  Carroll,4136,Democratic,US Representative
Hancock,Mike  Carroll,5547,Democratic,US Representative
Hardin,Mike  Carroll,2620,Democratic,US Representative
Logan,Mike  Carroll,3847,Democratic,US Representative
Marion,Mike  Carroll,7697,Democratic,US Representative
Morrow,Mike  Carroll,3537,Democratic,US Representative
Richland,Mike  Carroll,12498,Democratic,US Representative
Shelby,Mike  Carroll,4975,Democratic,US Representative
Wyandot,Mike  Carroll,1073,Democratic,US Representative
Ashland,George F. Mays,994,Democratic,US Representative
Crawford,George F. Mays,4048,Democratic,US Representative
Defiance,George F. Mays,3889,Democratic,US Representative
Fulton,George F. Mays,3962,Democratic,US Representative
Henry,George F. Mays,2696,Democratic,US Representative
Huron,George F. Mays,5231,Democratic,US Representative
Lucas,George F. Mays,2136,Democratic,US Representative
Mercer,George F. Mays,825,Democratic,US Representative
Paulding,George F. Mays,1950,Democratic,US Representative
Putnam,George F. Mays,3298,Democratic,US Representative
Sandusky,George F. Mays,8182,Democratic,US Representative
Seneca,George F. Mays,6546,Democratic,US Representative
Van Wert,George F. Mays,2345,Democratic,US Representative
Williams,George F. Mays,3089,Democratic,US Representative
Wood,George F. Mays,14312,Democratic,US Representative
Wyandot,George F. Mays,947,Democratic,US Representative
Athens,Charlie  Wilson,8134,Democratic,US Representative
Belmont,Charlie  Wilson,14232,Democratic,US Representative
Columbiana,Charlie  Wilson,17803,Democratic,US Representative
Gallia,Charlie  Wilson,3072,Democratic,US Representative
Jefferson,Charlie  Wilson,18121,Democratic,US Representative
Lawrence,Charlie  Wilson,8439,Democratic,US Representative
Mahoning,Charlie  Wilson,22441,Democratic,US Representative
Meigs,Charlie  Wilson,2799,Democratic,US Representative
Monroe,Charlie  Wilson,3927,Democratic,US Representative
Noble,Charlie  Wilson,1870,Democratic,US Representative
Scioto,Charlie  Wilson,4782,Democratic,US Representative
Washington,Charlie  Wilson,8789,Democratic,US Representative
Clark,Bill  Conner,8005,Democratic,US Representative
Fairfield,Bill  Conner,5544,Democratic,US Representative
Fayette,Bill  Conner,931,Democratic,US Representative
Franklin,Bill  Conner,5072,Democratic,US Representative
Greene,Bill  Conner,5009,Democratic,US Representative
Perry,Bill  Conner,1841,Democratic,US Representative
Pickaway,Bill  Conner,2953,Democratic,US Representative
Ross,Bill  Conner,674,Democratic,US Representative
Clark,Sharen Swartz Neuhardt,9500,Democratic,US Representative
Fairfield,Sharen Swartz Neuhardt,6090,Democratic,US Representative
Fayette,Sharen Swartz Neuhardt,823,Democratic,US Representative
Franklin,Sharen Swartz Neuhardt,4014,Democratic,US Representative
Greene,Sharen Swartz Neuhardt,8817,Democratic,US Representative
Perry,Sharen Swartz Neuhardt,1558,Democratic,US Representative
Pickaway,Sharen Swartz Neuhardt,1649,Democratic,US Representative
Ross,Sharen Swartz Neuhardt,375,Democratic,US Representative
Clark,Jack D. Null,1583,Democratic,US Representative
Fairfield,Jack D. Null,1230,Democratic,US Representative
Fayette,Jack D. Null,255,Democratic,US Representative
Franklin,Jack D. Null,818,Democratic,US Representative
Greene,Jack D. Null,1242,Democratic,US Representative
Perry,Jack D. Null,473,Democratic,US Representative
Pickaway,Jack D. Null,388,Democratic,US Representative
Ross,Jack D. Null,129,Democratic,US Representative
Clark,Thomas L. Scrivens,903,Democratic,US Representative
Fairfield,Thomas L. Scrivens,854,Democratic,US Representative
Fayette,Thomas L. Scrivens,150,Democratic,US Representative
Franklin,Thomas L. Scrivens,928,Democratic,US Representative
Greene,Thomas L. Scrivens,1629,Democratic,US Representative
Perry,Thomas L. Scrivens,234,Democratic,US Representative
Pickaway,Thomas L. Scrivens,270,Democratic,US Representative
Ross,Thomas L. Scrivens,56,Democratic,US Representative
Clark,Dave  Woolever,1060,Democratic,US Representative
Fairfield,Dave  Woolever,2473,Democratic,US Representative
Fayette,Dave  Woolever,510,Democratic,US Representative
Franklin,Dave  Woolever,880,Democratic,US Representative
Greene,Dave  Woolever,2059,Democratic,US Representative
Perry,Dave  Woolever,379,Democratic,US Representative
Pickaway,Dave  Woolever,1783,Democratic,US Representative
Ross,Dave  Woolever,99,Democratic,US Representative
Clark,Richard J. Wyderski,1019,Democratic,US Representative
Fairfield,Richard J. Wyderski,1204,Democratic,US Representative
Fayette,Richard J. Wyderski,121,Democratic,US Representative
Franklin,Richard J. Wyderski,755,Democratic,US Representative
Greene,Richard J. Wyderski,1379,Democratic,US Representative
Perry,Richard J. Wyderski,458,Democratic,US Representative
Pickaway,Richard J. Wyderski,265,Democratic,US Representative
Ross,Richard J. Wyderski,35,Democratic,US Representative
Butler,Nicholas A. Von Stein,25202,Democratic,US Representative
Darke,Nicholas A. Von Stein,4242,Democratic,US Representative
Mercer,Nicholas A. Von Stein,2268,Democratic,US Representative
Miami,Nicholas A. Von Stein,9665,Democratic,US Representative
Montgomery,Nicholas A. Von Stein,6943,Democratic,US Representative
Preble,Nicholas A. Von Stein,4282,Democratic,US Representative
Erie,Marcy  Kaptur,14326,Democratic,US Representative
Lorain,Marcy  Kaptur,12393,Democratic,US Representative
Lucas,Marcy  Kaptur,83681,Democratic,US Representative
Ottawa,Marcy  Kaptur,8414,Democratic,US Representative
Cuyahoga,Joe  Cimperman,50760,Democratic,US Representative
Cuyahoga,Barbara Anne Ferris,9362,Democratic,US Representative
Cuyahoga,Dennis J. Kucinich,72646,Democratic,US Representative
Cuyahoga,Thomas E O'Grady,7264,Democratic,US Representative
Cuyahoga,Rosemary A. Palmer,4339,Democratic,US Representative
Cuyahoga,Stephanie  Tubbs Jones,131857,Democratic,US Representative
Delaware,Aaron J. Dagres,2627,Democratic,US Representative
Franklin,Aaron J. Dagres,9508,Democratic,US Representative
Licking,Aaron J. Dagres,1733,Democratic,US Representative
Delaware,Russ  Goodwin,5991,Democratic,US Representative
Franklin,Russ  Goodwin,22719,Democratic,US Representative
Licking,Russ  Goodwin,4126,Democratic,US Representative
Delaware,David  Robinson,9069,Democratic,US Representative
Franklin,David  Robinson,33363,Democratic,US Representative
Licking,David  Robinson,6441,Democratic,US Representative
Cuyahoga,Betty  Sutton,13139,Democratic,US Representative
Lorain,Betty  Sutton,35921,Democratic,US Representative
Medina,Betty  Sutton,7730,Democratic,US Representative
Summit,Betty  Sutton,49012,Democratic,US Representative
Ashtabula,Dale Virgil Blanchard,2462,Democratic,US Representative
Cuyahoga,Dale Virgil Blanchard,1482,Democratic,US Representative
Geauga,Dale Virgil Blanchard,1736,Democratic,US Representative
Lake,Dale Virgil Blanchard,6119,Democratic,US Representative
Portage,Dale Virgil Blanchard,830,Democratic,US Representative
Summit,Dale Virgil Blanchard,3375,Democratic,US Representative
Trumbull,Dale Virgil Blanchard,335,Democratic,US Representative
Ashtabula,"John H. Greene, Jr.",3848,Democratic,US Representative
Cuyahoga,"John H. Greene, Jr.",1306,Democratic,US Representative
Geauga,"John H. Greene, Jr.",2298,Democratic,US Representative
Lake,"John H. Greene, Jr.",7075,Democratic,US Representative
Portage,"John H. Greene, Jr.",1007,Democratic,US Representative
Summit,"John H. Greene, Jr.",5273,Democratic,US Representative
Trumbull,"John H. Greene, Jr.",545,Democratic,US Representative
Ashtabula,Bill  O'Neill,9803,Democratic,US Representative
Cuyahoga,Bill  O'Neill,4696,Democratic,US Representative
Geauga,Bill  O'Neill,9328,Democratic,US Representative
Lake,Bill  O'Neill,22250,Democratic,US Representative
Portage,Bill  O'Neill,2752,Democratic,US Representative
Summit,Bill  O'Neill,12635,Democratic,US Representative
Trumbull,Bill  O'Neill,799,Democratic,US Representative
Franklin,Mary Jo  Kilroy,77314,Democratic,US Representative
Madison,Mary Jo  Kilroy,3798,Democratic,US Representative
Union,Mary Jo  Kilroy,4728,Democratic,US Representative
Ashland,John A. Boccieri,2795,Democratic,US Representative
Medina,John A. Boccieri,10865,Democratic,US Representative
Stark,John A. Boccieri,47804,Democratic,US Representative
Wayne,John A. Boccieri,9574,Democratic,US Representative
Ashland,Mary M. Cirelli,1257,Democratic,US Representative
Medina,Mary M. Cirelli,6054,Democratic,US Representative
Stark,Mary M. Cirelli,28546,Democratic,US Representative
Wayne,Mary M. Cirelli,4572,Democratic,US Representative
Mahoning,Tim  Ryan,37578,Democratic,US Representative
Portage,Tim  Ryan,21840,Democratic,US Representative
Summit,Tim  Ryan,22229,Democratic,US Representative
Trumbull,Tim  Ryan,56963,Democratic,US Representative
Butler,Steve  Chabot,3417,Republican,US Representative
Hamilton,Steve  Chabot,42991,Republican,US Representative
Adams,Nathan W. Bailey,91,Republican,US Representative
Brown,Nathan W. Bailey,119,Republican,US Representative
Clermont,Nathan W. Bailey,718,Republican,US Representative
Hamilton,Nathan W. Bailey,639,Republican,US Representative
Pike,Nathan W. Bailey,125,Republican,US Representative
Scioto,Nathan W. Bailey,107,Republican,US Representative
Warren,Nathan W. Bailey,327,Republican,US Representative
Adams,Tom  Brinkman,1084,Republican,US Representative
Brown,Tom  Brinkman,1587,Republican,US Representative
Clermont,Tom  Brinkman,7845,Republican,US Representative
Hamilton,Tom  Brinkman,12054,Republican,US Representative
Pike,Tom  Brinkman,590,Republican,US Representative
Scioto,Tom  Brinkman,1046,Republican,US Representative
Warren,Tom  Brinkman,4691,Republican,US Representative
Adams,Jean  Schmidt,1858,Republican,US Representative
Brown,Jean  Schmidt,2529,Republican,US Representative
Clermont,Jean  Schmidt,14812,Republican,US Representative
Hamilton,Jean  Schmidt,13822,Republican,US Representative
Pike,Jean  Schmidt,1084,Republican,US Representative
Scioto,Jean  Schmidt,1947,Republican,US Representative
Warren,Jean  Schmidt,5935,Republican,US Representative
Clinton,Mike  Turner,5251,Republican,US Representative
Highland,Mike  Turner,4549,Republican,US Representative
Montgomery,Mike  Turner,39455,Republican,US Representative
Warren,Mike  Turner,12660,Republican,US Representative
Allen,Jim  Jordan,12055,Republican,US Representative
Auglaize,Jim  Jordan,4834,Republican,US Representative
Champaign,Jim  Jordan,5803,Republican,US Representative
Hancock,Jim  Jordan,9826,Republican,US Representative
Hardin,Jim  Jordan,3540,Republican,US Representative
Logan,Jim  Jordan,6249,Republican,US Representative
Marion,Jim  Jordan,5292,Republican,US Representative
Morrow,Jim  Jordan,3754,Republican,US Representative
Richland,Jim  Jordan,9299,Republican,US Representative
Shelby,Jim  Jordan,5001,Republican,US Representative
Wyandot,Jim  Jordan,1118,Republican,US Representative
Ashland,Bob  Latta,803,Republican,US Representative
Crawford,Bob  Latta,3214,Republican,US Representative
Defiance,Bob  Latta,3399,Republican,US Representative
Fulton,Bob  Latta,3967,Republican,US Representative
Henry,Bob  Latta,2595,Republican,US Representative
Huron,Bob  Latta,3129,Republican,US Representative
Lucas,Bob  Latta,1480,Republican,US Representative
Mercer,Bob  Latta,787,Republican,US Representative
Paulding,Bob  Latta,1762,Republican,US Representative
Putnam,Bob  Latta,4667,Republican,US Representative
Sandusky,Bob  Latta,5624,Republican,US Representative
Seneca,Bob  Latta,5800,Republican,US Representative
Van Wert,Bob  Latta,3188,Republican,US Representative
Williams,Bob  Latta,3616,Republican,US Representative
Wood,Bob  Latta,9025,Republican,US Representative
Wyandot,Bob  Latta,1037,Republican,US Representative
Ashland,Scott B. Radcliffe,183,Republican,US Representative
Crawford,Scott B. Radcliffe,527,Republican,US Representative
Defiance,Scott B. Radcliffe,920,Republican,US Representative
Fulton,Scott B. Radcliffe,1082,Republican,US Representative
Henry,Scott B. Radcliffe,395,Republican,US Representative
Huron,Scott B. Radcliffe,445,Republican,US Representative
Lucas,Scott B. Radcliffe,356,Republican,US Representative
Mercer,Scott B. Radcliffe,163,Republican,US Representative
Paulding,Scott B. Radcliffe,369,Republican,US Representative
Putnam,Scott B. Radcliffe,585,Republican,US Representative
Sandusky,Scott B. Radcliffe,1070,Republican,US Representative
Seneca,Scott B. Radcliffe,1355,Republican,US Representative
Van Wert,Scott B. Radcliffe,839,Republican,US Representative
Williams,Scott B. Radcliffe,878,Republican,US Representative
Wood,Scott B. Radcliffe,2988,Republican,US Representative
Wyandot,Scott B. Radcliffe,192,Republican,US Representative
Ashland,Michael L. Reynolds,189,Republican,US Representative
Crawford,Michael L. Reynolds,641,Republican,US Representative
Defiance,Michael L. Reynolds,368,Republican,US Representative
Fulton,Michael L. Reynolds,380,Republican,US Representative
Henry,Michael L. Reynolds,168,Republican,US Representative
Huron,Michael L. Reynolds,513,Republican,US Representative
Lucas,Michael L. Reynolds,102,Republican,US Representative
Mercer,Michael L. Reynolds,132,Republican,US Representative
Paulding,Michael L. Reynolds,204,Republican,US Representative
Putnam,Michael L. Reynolds,417,Republican,US Representative
Sandusky,Michael L. Reynolds,567,Republican,US Representative
Seneca,Michael L. Reynolds,726,Republican,US Representative
Van Wert,Michael L. Reynolds,397,Republican,US Representative
Williams,Michael L. Reynolds,352,Republican,US Representative
Wood,Michael L. Reynolds,541,Republican,US Representative
Wyandot,Michael L. Reynolds,176,Republican,US Representative
Athens,Richard D. Stobbs,1938,Republican,US Representative
Belmont,Richard D. Stobbs,2111,Republican,US Representative
Columbiana,Richard D. Stobbs,7186,Republican,US Representative
Gallia,Richard D. Stobbs,2652,Republican,US Representative
Jefferson,Richard D. Stobbs,3408,Republican,US Representative
Lawrence,Richard D. Stobbs,4906,Republican,US Representative
Mahoning,Richard D. Stobbs,4491,Republican,US Representative
Meigs,Richard D. Stobbs,2523,Republican,US Representative
Monroe,Richard D. Stobbs,633,Republican,US Representative
Noble,Richard D. Stobbs,1316,Republican,US Representative
Scioto,Richard D. Stobbs,1804,Republican,US Representative
Washington,Richard D. Stobbs,5433,Republican,US Representative
Clark,Steve  Austria,9751,Republican,US Representative
Fairfield,Steve  Austria,9397,Republican,US Representative
Fayette,Steve  Austria,1854,Republican,US Representative
Franklin,Steve  Austria,2334,Republican,US Representative
Greene,Steve  Austria,15939,Republican,US Representative
Perry,Steve  Austria,1131,Republican,US Representative
Pickaway,Steve  Austria,1785,Republican,US Representative
Ross,Steve  Austria,308,Republican,US Representative
Clark,Dan  Harkins,1635,Republican,US Representative
Fairfield,Dan  Harkins,1373,Republican,US Representative
Fayette,Dan  Harkins,100,Republican,US Representative
Franklin,Dan  Harkins,477,Republican,US Representative
Greene,Dan  Harkins,640,Republican,US Representative
Perry,Dan  Harkins,195,Republican,US Representative
Pickaway,Dan  Harkins,267,Republican,US Representative
Ross,Dan  Harkins,130,Republican,US Representative
Clark,Ron  Hood,3506,Republican,US Representative
Fairfield,Ron  Hood,7699,Republican,US Representative
Fayette,Ron  Hood,1598,Republican,US Representative
Franklin,Ron  Hood,2486,Republican,US Representative
Greene,Ron  Hood,5778,Republican,US Representative
Perry,Ron  Hood,1948,Republican,US Representative
Pickaway,Ron  Hood,2633,Republican,US Representative
Ross,Ron  Hood,336,Republican,US Representative
Clark,John  Mitchel,484,Republican,US Representative
Fairfield,John  Mitchel,1194,Republican,US Representative
Fayette,John  Mitchel,162,Republican,US Representative
Franklin,John  Mitchel,592,Republican,US Representative
Greene,John  Mitchel,972,Republican,US Representative
Perry,John  Mitchel,192,Republican,US Representative
Pickaway,John  Mitchel,330,Republican,US Representative
Ross,John  Mitchel,104,Republican,US Representative
Butler,John A. Boehner,30394,Republican,US Representative
Darke,John A. Boehner,6213,Republican,US Representative
Mercer,John A. Boehner,3241,Republican,US Representative
Miami,John A. Boehner,14270,Republican,US Representative
Montgomery,John A. Boehner,5441,Republican,US Representative
Preble,John A. Boehner,5712,Republican,US Representative
Erie,Ed  Emery,2182,Republican,US Representative
Lorain,Ed  Emery,1770,Republican,US Representative
Lucas,Ed  Emery,6341,Republican,US Representative
Ottawa,Ed  Emery,1400,Republican,US Representative
Erie,Bradley S. Leavitt,2329,Republican,US Representative
Lorain,Bradley S. Leavitt,2091,Republican,US Representative
Lucas,Bradley S. Leavitt,8801,Republican,US Representative
Ottawa,Bradley S. Leavitt,1482,Republican,US Representative
Cuyahoga,Jim  Trakas,22401,Republican,US Representative
Cuyahoga,Jason  Werner,5844,Republican,US Representative
Cuyahoga,Thomas  Pekarek,9123,Republican,US Representative
Delaware,David  Ryon,2336,Republican,US Representative
Franklin,David  Ryon,3030,Republican,US Representative
Licking,David  Ryon,1315,Republican,US Representative
Delaware,Pat  Tiberi,21354,Republican,US Representative
Franklin,Pat  Tiberi,29101,Republican,US Representative
Licking,Pat  Tiberi,12995,Republican,US Representative
Cuyahoga,Frank  Chestney,1979,Republican,US Representative
Lorain,Frank  Chestney,3178,Republican,US Representative
Medina,Frank  Chestney,1360,Republican,US Representative
Summit,Frank  Chestney,3576,Republican,US Representative
Cuyahoga,Frances L. Kalapodis,1193,Republican,US Representative
Lorain,Frances L. Kalapodis,1750,Republican,US Representative
Medina,Frances L. Kalapodis,484,Republican,US Representative
Summit,Frances L. Kalapodis,4425,Republican,US Representative
Cuyahoga,David S. Potter,2474,Republican,US Representative
Lorain,David S. Potter,3747,Republican,US Representative
Medina,David S. Potter,1250,Republican,US Representative
Summit,David S. Potter,4593,Republican,US Representative
Ashtabula,Steven C. Latourette,7041,Republican,US Representative
Cuyahoga,Steven C. Latourette,4259,Republican,US Representative
Geauga,Steven C. Latourette,8920,Republican,US Representative
Lake,Steven C. Latourette,19221,Republican,US Representative
Portage,Steven C. Latourette,2644,Republican,US Representative
Summit,Steven C. Latourette,10237,Republican,US Representative
Trumbull,Steven C. Latourette,714,Republican,US Representative
Franklin,Steve  Stivers,27844,Republican,US Representative
Madison,Steve  Stivers,2502,Republican,US Representative
Union,Steve  Stivers,3492,Republican,US Representative
Franklin,Robert  Wagner,12355,Republican,US Representative
Madison,Robert  Wagner,1871,Republican,US Representative
Union,Robert  Wagner,3273,Republican,US Representative
Ashland,Matt  Miller,5044,Republican,US Representative
Medina,Matt  Miller,6075,Republican,US Representative
Stark,Matt  Miller,11029,Republican,US Representative
Wayne,Matt  Miller,7587,Republican,US Representative
Ashland,Paul R. Schiffer,307,Republican,US Representative
Medina,Paul R. Schiffer,2220,Republican,US Representative
Stark,Paul R. Schiffer,3358,Republican,US Representative
Wayne,Paul R. Schiffer,1563,Republican,US Representative
Ashland,Kirk  Schuring,699,Republican,US Representative
Medina,Kirk  Schuring,3244,Republican,US Representative
Stark,Kirk  Schuring,25524,Republican,US Representative
Wayne,Kirk  Schuring,4067,Republican,US Representative
Mahoning,Duane V. Grassell,2185,Republican,US Representative
Portage,Duane V. Grassell,4245,Republican,US Representative
Summit,Duane V. Grassell,5261,Republican,US Representative
Trumbull,Duane V. Grassell,6992,Republican,US Representative
Erie,*Darwitt R. Garrett,4615,Democratic,State Senate
Lucas,*Darwitt R. Garrett,4455,Democratic,State Senate
Ottawa,*Darwitt R. Garrett,1957,Democratic,State Senate
Wood,*Darwitt R. Garrett,4261,Democratic,State Senate
Erie,Sylvia Washburn,8867,Democratic,State Senate
Lucas,Sylvia Washburn,11110,Democratic,State Senate
Ottawa,Sylvia Washburn,3876,Democratic,State Senate
Wood,Sylvia Washburn,11298,Democratic,State Senate
Butler,*Kathryn  Bridgman,21808,Democratic,State Senate
Butler,Erik  Rivera,8973,Democratic,State Senate
Montgomery,*John R. Doll,34492,Democratic,State Senate
Hamilton,*Daniel J. McCarthy,30688,Democratic,State Senate
Clark,*Roger  Tackett,20689,Democratic,State Senate
Greene,*Roger  Tackett,16171,Democratic,State Senate
Madison,*Roger  Tackett,3255,Democratic,State Senate
Allen,*Thomas  Matthew,9308,Democratic,State Senate
Auglaize,*Thomas  Matthew,2522,Democratic,State Senate
Champaign,*Thomas  Matthew,3818,Democratic,State Senate
Darke,*Thomas  Matthew,2807,Democratic,State Senate
Mercer,*Thomas  Matthew,2825,Democratic,State Senate
Preble,*Thomas  Matthew,4105,Democratic,State Senate
Shelby,*Thomas  Matthew,4613,Democratic,State Senate
Adams,*Holly  Stutz,2217,Democratic,State Senate
Brown,*Holly  Stutz,5033,Democratic,State Senate
Clermont,*Holly  Stutz,16276,Democratic,State Senate
Lawrence,*Holly  Stutz,3520,Democratic,State Senate
Scioto,*Holly  Stutz,8614,Democratic,State Senate
Franklin,*Danielle R. Blue,38453,Democratic,State Senate
Cuyahoga,*Amy  Diamond,2891,Democratic,State Senate
Geauga,*Amy  Diamond,10647,Democratic,State Senate
Lake,*Amy  Diamond,28042,Democratic,State Senate
Athens,*Rick C. Shriver,9585,Democratic,State Senate
Coshocton,*Rick C. Shriver,3757,Democratic,State Senate
Guernsey,*Rick C. Shriver,3835,Democratic,State Senate
Meigs,*Rick C. Shriver,2280,Democratic,State Senate
Monroe,*Rick C. Shriver,2813,Democratic,State Senate
Morgan,*Rick C. Shriver,1824,Democratic,State Senate
Muskingum,*Rick C. Shriver,8621,Democratic,State Senate
Noble,*Rick C. Shriver,1432,Democratic,State Senate
Washington,*Rick C. Shriver,7064,Democratic,State Senate
Ashland,*James E. Riley,3017,Democratic,State Senate
Holmes,*James E. Riley,1452,Democratic,State Senate
Medina,*James E. Riley,18889,Democratic,State Senate
Wayne,*James E. Riley,10268,Democratic,State Senate
Cuyahoga,*Emanuel J. Cotronakis,43746,Democratic,State Senate
Crawford,*Thomas L. Kruse,4044,Democratic,State Senate
Logan,*Thomas L. Kruse,3584,Democratic,State Senate
Marion,*Thomas L. Kruse,7125,Democratic,State Senate
Ottawa,*Thomas L. Kruse,1331,Democratic,State Senate
Sandusky,*Thomas L. Kruse,7630,Democratic,State Senate
Seneca,*Thomas L. Kruse,5071,Democratic,State Senate
Union,*Thomas L. Kruse,4046,Democratic,State Senate
Wyandot,*Thomas L. Kruse,1945,Democratic,State Senate
Portage,*Thomas C. Sawyer,23418,Democratic,State Senate
Summit,*Thomas C. Sawyer,33112,Democratic,State Senate
Belmont,*Jason H. Wilson,15271,Democratic,State Senate
Columbiana,*Jason H. Wilson,14806,Democratic,State Senate
Harrison,*Jason H. Wilson,2880,Democratic,State Senate
Jefferson,*Jason H. Wilson,13703,Democratic,State Senate
Tuscarawas,*Jason H. Wilson,10683,Democratic,State Senate
Erie,Mark  Hollenbaugh,818,Republican,State Senate
Lucas,Mark  Hollenbaugh,617,Republican,State Senate
Ottawa,Mark  Hollenbaugh,281,Republican,State Senate
Wood,Mark  Hollenbaugh,1936,Republican,State Senate
Erie,John F. Schulte,834,Republican,State Senate
Lucas,John F. Schulte,602,Republican,State Senate
Ottawa,John F. Schulte,443,Republican,State Senate
Wood,John F. Schulte,1560,Republican,State Senate
Erie,*Mark  Wagoner,3164,Republican,State Senate
Lucas,*Mark  Wagoner,8876,Republican,State Senate
Ottawa,*Mark  Wagoner,1744,Republican,State Senate
Wood,*Mark  Wagoner,6508,Republican,State Senate
Butler,*Gary  Cates,27855,Republican,State Senate
Montgomery,*Jon  Husted,31240,Republican,State Senate
Hamilton,*William J. Seitz,27645,Republican,State Senate
Clark,James E. Howard,1496,Republican,State Senate
Greene,James E. Howard,2520,Republican,State Senate
Madison,James E. Howard,310,Republican,State Senate
Clark,W. Reed Madden,1793,Republican,State Senate
Greene,W. Reed Madden,6782,Republican,State Senate
Madison,W. Reed Madden,362,Republican,State Senate
Clark,*Chris  Widener,11031,Republican,State Senate
Greene,*Chris  Widener,11605,Republican,State Senate
Madison,*Chris  Widener,4265,Republican,State Senate
Allen,*Keith  Faber,10251,Republican,State Senate
Auglaize,*Keith  Faber,2640,Republican,State Senate
Champaign,*Keith  Faber,4612,Republican,State Senate
Darke,*Keith  Faber,4045,Republican,State Senate
Mercer,*Keith  Faber,4138,Republican,State Senate
Preble,*Keith  Faber,5038,Republican,State Senate
Shelby,*Keith  Faber,4024,Republican,State Senate
Adams,*Tom  Niehaus,2384,Republican,State Senate
Brown,*Tom  Niehaus,4039,Republican,State Senate
Clermont,*Tom  Niehaus,20974,Republican,State Senate
Lawrence,*Tom  Niehaus,2338,Republican,State Senate
Scioto,*Tom  Niehaus,4477,Republican,State Senate
Franklin,*Jim  Hughes,27888,Republican,State Senate
Cuyahoga,*Timothy J. Grendell,1562,Republican,State Senate
Geauga,*Timothy J. Grendell,8422,Republican,State Senate
Lake,*Timothy J. Grendell,15542,Republican,State Senate
Athens,*Jimmy  Stewart,3002,Republican,State Senate
Coshocton,*Jimmy  Stewart,2910,Republican,State Senate
Guernsey,*Jimmy  Stewart,2894,Republican,State Senate
Meigs,*Jimmy  Stewart,3303,Republican,State Senate
Monroe,*Jimmy  Stewart,635,Republican,State Senate
Morgan,*Jimmy  Stewart,2165,Republican,State Senate
Muskingum,*Jimmy  Stewart,8487,Republican,State Senate
Noble,*Jimmy  Stewart,1348,Republican,State Senate
Washington,*Jimmy  Stewart,5954,Republican,State Senate
Ashland,*Bob  Gibbs,4350,Republican,State Senate
Holmes,*Bob  Gibbs,3410,Republican,State Senate
Medina,*Bob  Gibbs,12999,Republican,State Senate
Wayne,*Bob  Gibbs,9907,Republican,State Senate
Cuyahoga,*Thomas F. Patton,21327,Republican,State Senate
Crawford,*Karen  Gillmor,1773,Republican,State Senate
Logan,*Karen  Gillmor,3887,Republican,State Senate
Marion,*Karen  Gillmor,3370,Republican,State Senate
Ottawa,*Karen  Gillmor,532,Republican,State Senate
Sandusky,*Karen  Gillmor,5700,Republican,State Senate
Seneca,*Karen  Gillmor,5183,Republican,State Senate
Union,*Karen  Gillmor,3963,Republican,State Senate
Wyandot,*Karen  Gillmor,1234,Republican,State Senate
Crawford,Steve  Reinhard,3053,Republican,State Senate
Logan,Steve  Reinhard,2650,Republican,State Senate
Marion,Steve  Reinhard,3096,Republican,State Senate
Ottawa,Steve  Reinhard,186,Republican,State Senate
Sandusky,Steve  Reinhard,1721,Republican,State Senate
Seneca,Steve  Reinhard,1571,Republican,State Senate
Union,Steve  Reinhard,3148,Republican,State Senate
Wyandot,Steve  Reinhard,1757,Republican,State Senate
Portage,*James R. Carr,6666,Republican,State Senate
Summit,*James R. Carr,7054,Republican,State Senate
Belmont,*Tim  Ginter,2800,Republican,State Senate
Columbiana,*Tim  Ginter,7089,Republican,State Senate
Harrison,*Tim  Ginter,992,Republican,State Senate
Jefferson,*Tim  Ginter,3411,Republican,State Senate
Tuscarawas,*Tim  Ginter,4209,Republican,State Senate
